set define off;
INSERT INTO DC_SYS_DIC ( TABLE_ID, TABLE_NAME, DATAID_COL, DATANAME_COL,GLTJ ) VALUES ( 'DM_CZRY', '操作人员代码表', NULL, NULL, NULL);
 INSERT INTO DC_SYS_DIC ( TABLE_ID, TABLE_NAME, DATAID_COL, DATANAME_COL,GLTJ ) VALUES ( 'DM_JG', '机关代码表', 'JG_DM', 'JG_MC', NULL);
 commit;
 INSERT INTO DC_SYS_DICZY ( TABLE_ID, DATAID, DATANAME, STATUS ) VALUES ( 'DM_JG', '00000000000', '管理中心', 'Y');
 INSERT INTO DC_SYS_DICZY ( TABLE_ID, DATAID, DATANAME, STATUS ) VALUES ( 'DM_CZRY', '00000000000', 'ds_admin', 'Y');
 commit;
 INSERT INTO DICT_CL ( ID, LB, CODE, NAME ) VALUES ( '1', 'jgbz', 'B', '部门');
 INSERT INTO DICT_CL ( ID, LB, CODE, NAME ) VALUES ( '2', 'jgbz', 'J', '机关');
 INSERT INTO DICT_CL ( ID, LB, CODE, NAME ) VALUES ( '3', 'jgbz', 'Q', '其它');
 INSERT INTO DICT_CL ( ID, LB, CODE, NAME ) VALUES ( '4', 'xybz', 'Y', '选用');
 INSERT INTO DICT_CL ( ID, LB, CODE, NAME ) VALUES ( '5', 'xybz', 'N', '未选用');
 INSERT INTO DICT_CL ( ID, LB, CODE, NAME ) VALUES ( '6', 'jssx', '01', '一般文员');
 INSERT INTO DICT_CL ( ID, LB, CODE, NAME ) VALUES ( '7', 'jssx', '05', '文管');
 INSERT INTO DICT_CL ( ID, LB, CODE, NAME ) VALUES ( '8', 'jssx', '10', '部门领导');
 commit;
  INSERT INTO DM_YWHJ ( YWHJ_DM, YWHJ_MC, XYBZ, YXBZ ) VALUES ( '010000', '行政管理环节', 'N', 'Y');
 INSERT INTO DM_YWHJ ( YWHJ_DM, YWHJ_MC, XYBZ, YXBZ ) VALUES ( '020000', '党务管理环节', 'N', 'Y');
 INSERT INTO DM_YWHJ ( YWHJ_DM, YWHJ_MC, XYBZ, YXBZ ) VALUES ( '030400', '资料档案管理', 'Y', 'Y');
 INSERT INTO DM_YWHJ ( YWHJ_DM, YWHJ_MC, XYBZ, YXBZ ) VALUES ( '040000', '数据管理', 'Y', 'Y');
 INSERT INTO DM_YWHJ ( YWHJ_DM, YWHJ_MC, XYBZ, YXBZ ) VALUES ( '040100', '数据采集', 'Y', 'Y');
 INSERT INTO DM_YWHJ ( YWHJ_DM, YWHJ_MC, XYBZ, YXBZ ) VALUES ( '040200', '数据分析审计', 'Y', 'Y');
 INSERT INTO DM_YWHJ ( YWHJ_DM, YWHJ_MC, XYBZ, YXBZ ) VALUES ( '000000', '综合', 'Y', 'Y');
 INSERT INTO DM_YWHJ ( YWHJ_DM, YWHJ_MC, XYBZ, YXBZ ) VALUES ( '090000', '系统维护', 'Y', 'Y');
 INSERT INTO DM_YWHJ ( YWHJ_DM, YWHJ_MC, XYBZ, YXBZ ) VALUES ( '090100', '权限管理', 'Y', 'Y');
 INSERT INTO DM_YWHJ ( YWHJ_DM, YWHJ_MC, XYBZ, YXBZ ) VALUES ( '090200', '数据字典', 'Y', 'Y');
 commit;
 insert into DM_JG (JG_DM, JG_MC, JG_JC, JG_BZ, SJ_JG_DM, DWLSGX_DM, JG_JG, JGYB, JGDZ, JGDH, CZDH, DYDZ, XZQH_DM, JGFZR_DM, JBDM, JCDM, XYBZ, YXBZ)
values ('000000000000000', '管理中心', '管理中心', 'J', '999999999999999', '10', null, null, null, null, '34', null, '000000000000000', '00000000000', '0000', '0', 'Y', 'Y');
commit;
 INSERT INTO DM_CZRY ( CZRY_DM, JG_DM, CZRY_MC, XYBZ, YXBZ, ZJHM, ADDRESS, DHHM, SJHM,EMAIL ) VALUES ( '00000000000', '000000000000000', '超级管理员', 'Y', 'Y', NULL, NULL, NULL, NULL, NULL);
 commit;

 INSERT INTO QX_GW ( GW_DM, GW_MC, GWLX, YWBS, SJ_GW_DM, QX_JG_DM, JG_DM,YWHJ_DM ) VALUES ( '000000000000000', '超级用户岗', '01', '01   ', NULL, '000000000000000', '000000000000000', '000000');
 commit;
  INSERT INTO QX_GNMB ( GNMB_DM, GNMB_MC, SS_GW_DM, JSSX_DM, JG_DM,SFGXJS ) VALUES ( '00000000001', '超级管理员角色', NULL, '01', '000000000000000', 'N');
 commit;
 INSERT INTO QX_GW_GNMB ( GW_DM, GNMB_DM ) VALUES ( '000000000000000', '00000000001');
 commit;
 INSERT INTO QX_SYSTEM ( SYSTEMNAME, DESCRIPTION, ICONURL, VIRTRULROOTNAME, COOKIENAME, REALROOTURL,WELCOMETITTLE, WELCOMEURL, LOGINURL, LOGINTYPE, LOGOUTURL, LOGOUTTYPE, USERPARAMNAME,PASSWORDPARAMNAME, LOGINSUCCESSTAG, TESTURL, SORTORDER, XYBZ, YXBZ, BASEURL, LOGINTIME, SCRIPT,SESSIONKEEP, SESSIONKEEPTYPE, SESSIONKEEPURL, UNIUSERTYPE, UNIUSERON, UNIUSERDATA ) VALUES ( '系统管理', '系统管理', NULL, NULL, NULL, NULL, NULL, NULL, NULL, 'U', '../entry/loginOut?type=ipc&purpose=LogInService&module=Entry', 'U', NULL, NULL, ':CONSOLE:', NULL, '00', 'Y', 'Y', '/adp', 'F', NULL, 'Y', 'U', '../index.htm', 'L', 'N', NULL);
 commit;
 INSERT INTO QX_USER ( USERID, NAME, CZRY_DM, PASSWORD, KLLX, PWRQQ, PWRQZ,GRANTROLE ) VALUES ( '00000000000', 'admin', '00000000000', 'M0hn9rFM+RSrf8iOFvT9+5U1AcXah/ecrLo/Mg==', '1 ',  TO_Date( '08/05/2007 12:00:00', 'MM/DD/YYYY HH:MI:SS'),  TO_Date( '08/31/2007 12:00:00', 'MM/DD/YYYY HH:MI:SS'), '0');
 commit;
 INSERT INTO QX_USER_GW ( USERID, GW_DM ) VALUES ( '00000000000', '000000000000000');
 commit;

 INSERT INTO DM_DWLSGX ( DWLSGX_DM, DWLSGX_MC, DWLSGX_SM, XYBZ, YXBZ ) VALUES ( '10', '中央            ', '包括全国人大常委会、中共中央、国务院各部委及其所属机构，国务院各直属机构、办事机构及其所属机构', 'Y', 'Y');
 INSERT INTO DM_DWLSGX ( DWLSGX_DM, DWLSGX_MC, DWLSGX_SM, XYBZ, YXBZ ) VALUES ( '20', '省              ', '包括自治区、直辖市', 'Y', 'Y');
 INSERT INTO DM_DWLSGX ( DWLSGX_DM, DWLSGX_MC, DWLSGX_SM, XYBZ, YXBZ ) VALUES ( '40', '市、地区        ', '包括自治州、盟、省辖市、直辖市辖区（县）', 'Y', 'Y');
 INSERT INTO DM_DWLSGX ( DWLSGX_DM, DWLSGX_MC, DWLSGX_SM, XYBZ, YXBZ ) VALUES ( '50', '县              ', '包括地(州、盟)辖市、省辖市辖区、自治县（旗）、旗、县级市', 'Y', 'Y');
 INSERT INTO DM_DWLSGX ( DWLSGX_DM, DWLSGX_MC, DWLSGX_SM, XYBZ, YXBZ ) VALUES ( '60', '街道、镇、乡    ', NULL, 'Y', 'Y');
 INSERT INTO DM_DWLSGX ( DWLSGX_DM, DWLSGX_MC, DWLSGX_SM, XYBZ, YXBZ ) VALUES ( '61', '街道            ', NULL, 'Y', 'Y');
 INSERT INTO DM_DWLSGX ( DWLSGX_DM, DWLSGX_MC, DWLSGX_SM, XYBZ, YXBZ ) VALUES ( '62', '镇              ', NULL, 'Y', 'Y');
 INSERT INTO DM_DWLSGX ( DWLSGX_DM, DWLSGX_MC, DWLSGX_SM, XYBZ, YXBZ ) VALUES ( '63', '乡              ', NULL, 'Y', 'Y');
 INSERT INTO DM_DWLSGX ( DWLSGX_DM, DWLSGX_MC, DWLSGX_SM, XYBZ, YXBZ ) VALUES ( '70', '居民、村民委员会', NULL, 'Y', 'Y');
 INSERT INTO DM_DWLSGX ( DWLSGX_DM, DWLSGX_MC, DWLSGX_SM, XYBZ, YXBZ ) VALUES ( '71', '居民委员会      ', NULL, 'Y', 'Y');
 INSERT INTO DM_DWLSGX ( DWLSGX_DM, DWLSGX_MC, DWLSGX_SM, XYBZ, YXBZ ) VALUES ( '72', '村民委员会      ', NULL, 'Y', 'Y');
 INSERT INTO DM_DWLSGX ( DWLSGX_DM, DWLSGX_MC, DWLSGX_SM, XYBZ, YXBZ ) VALUES ( '80', '组              ', NULL, 'Y', 'Y');
 INSERT INTO DM_DWLSGX ( DWLSGX_DM, DWLSGX_MC, DWLSGX_SM, XYBZ, YXBZ ) VALUES ( '90', '其他            ', NULL, 'Y', 'Y');
 commit;

 INSERT INTO DM_MKLX ( MKLX_DM, MKLX_MC, XYBZ, YXBZ ) VALUES ( '01', '专用系统URL', 'Y', 'Y');
 INSERT INTO DM_MKLX ( MKLX_DM, MKLX_MC, XYBZ, YXBZ ) VALUES ( '02', 'MDI窗口', 'Y', 'Y');
 INSERT INTO DM_MKLX ( MKLX_DM, MKLX_MC, XYBZ, YXBZ ) VALUES ( '03', 'SHEET窗口', 'Y', 'Y');
 INSERT INTO DM_MKLX ( MKLX_DM, MKLX_MC, XYBZ, YXBZ ) VALUES ( '04', 'EXE文件', 'Y', 'Y');
 INSERT INTO DM_MKLX ( MKLX_DM, MKLX_MC, XYBZ, YXBZ ) VALUES ( '05', '通用系统URL', 'Y', 'Y');
 INSERT INTO DM_MKLX ( MKLX_DM, MKLX_MC, XYBZ, YXBZ ) VALUES ( '06', '脚本', 'Y', 'Y');
 INSERT INTO DM_MKLX ( MKLX_DM, MKLX_MC, XYBZ, YXBZ ) VALUES ( '10', 'web资源', 'Y', 'Y');
 INSERT INTO DM_MKLX ( MKLX_DM, MKLX_MC, XYBZ, YXBZ ) VALUES ( '11', '业务对象', 'Y', 'Y');
 commit;
 INSERT INTO DM_WSZL ( WSZL_DM, WSZL_MC, XYBZ, YXBZ ) VALUES ( '01', '登记类', 'Y', 'Y');
 INSERT INTO DM_WSZL ( WSZL_DM, WSZL_MC, XYBZ, YXBZ ) VALUES ( '02', '系统维护类', 'Y', 'Y');
 INSERT INTO DM_WSZL ( WSZL_DM, WSZL_MC, XYBZ, YXBZ ) VALUES ( '03', '备案类', 'Y', 'Y');
 INSERT INTO DM_WSZL ( WSZL_DM, WSZL_MC, XYBZ, YXBZ ) VALUES ( '06', '身份认定类', 'Y', 'Y');
 INSERT INTO DM_WSZL ( WSZL_DM, WSZL_MC, XYBZ, YXBZ ) VALUES ( '10', '汇总类', 'Y', 'Y');
 INSERT INTO DM_WSZL ( WSZL_DM, WSZL_MC, XYBZ, YXBZ ) VALUES ( '11', '资格认定类', 'Y', 'Y');
 INSERT INTO DM_WSZL ( WSZL_DM, WSZL_MC, XYBZ, YXBZ ) VALUES ( '12', '核定类', 'Y', 'Y');
 INSERT INTO DM_WSZL ( WSZL_DM, WSZL_MC, XYBZ, YXBZ ) VALUES ( '17', '延期类', 'Y', 'Y');
 INSERT INTO DM_WSZL ( WSZL_DM, WSZL_MC, XYBZ, YXBZ ) VALUES ( '18', '会统类', 'Y', 'Y');
 INSERT INTO DM_WSZL ( WSZL_DM, WSZL_MC, XYBZ, YXBZ ) VALUES ( '19', '其他申请类', 'Y', 'Y');
 INSERT INTO DM_WSZL ( WSZL_DM, WSZL_MC, XYBZ, YXBZ ) VALUES ( '37', '决定性文书', 'Y', 'Y');
 INSERT INTO DM_WSZL ( WSZL_DM, WSZL_MC, XYBZ, YXBZ ) VALUES ( '38', '听证文书', 'Y', 'Y');
 INSERT INTO DM_WSZL ( WSZL_DM, WSZL_MC, XYBZ, YXBZ ) VALUES ( '41', '通知书', 'Y', 'Y');
 INSERT INTO DM_WSZL ( WSZL_DM, WSZL_MC, XYBZ, YXBZ ) VALUES ( '42', '告知书', 'Y', 'Y');
 INSERT INTO DM_WSZL ( WSZL_DM, WSZL_MC, XYBZ, YXBZ ) VALUES ( '43', '决定书', 'Y', 'Y');
 INSERT INTO DM_WSZL ( WSZL_DM, WSZL_MC, XYBZ, YXBZ ) VALUES ( '51', '许可证明', 'Y', 'Y');
 INSERT INTO DM_WSZL ( WSZL_DM, WSZL_MC, XYBZ, YXBZ ) VALUES ( '52', '证明', 'Y', 'Y');
 INSERT INTO DM_WSZL ( WSZL_DM, WSZL_MC, XYBZ, YXBZ ) VALUES ( '53', '收据', 'Y', 'Y');
 INSERT INTO DM_WSZL ( WSZL_DM, WSZL_MC, XYBZ, YXBZ ) VALUES ( '54', '回执', 'Y', 'Y');
 INSERT INTO DM_WSZL ( WSZL_DM, WSZL_MC, XYBZ, YXBZ ) VALUES ( '55', '合同协议', 'Y', 'Y');
 INSERT INTO DM_WSZL ( WSZL_DM, WSZL_MC, XYBZ, YXBZ ) VALUES ( '56', '反馈单', 'Y', 'Y');
 INSERT INTO DM_WSZL ( WSZL_DM, WSZL_MC, XYBZ, YXBZ ) VALUES ( '60', '帐册', 'Y', 'Y');
 INSERT INTO DM_WSZL ( WSZL_DM, WSZL_MC, XYBZ, YXBZ ) VALUES ( '70', '报表', 'Y', 'Y');
 INSERT INTO DM_WSZL ( WSZL_DM, WSZL_MC, XYBZ, YXBZ ) VALUES ( '71', '清册/清单', 'Y', 'Y');
 INSERT INTO DM_WSZL ( WSZL_DM, WSZL_MC, XYBZ, YXBZ ) VALUES ( '80', '机关内部公文', 'Y', 'Y');
 INSERT INTO DM_WSZL ( WSZL_DM, WSZL_MC, XYBZ, YXBZ ) VALUES ( '81', '报告', 'Y', 'Y');
 INSERT INTO DM_WSZL ( WSZL_DM, WSZL_MC, XYBZ, YXBZ ) VALUES ( '82', '请示', 'Y', 'Y');
 INSERT INTO DM_WSZL ( WSZL_DM, WSZL_MC, XYBZ, YXBZ ) VALUES ( '83', '签报', 'Y', 'Y');
 INSERT INTO DM_WSZL ( WSZL_DM, WSZL_MC, XYBZ, YXBZ ) VALUES ( '84', '通知', 'Y', 'Y');
 INSERT INTO DM_WSZL ( WSZL_DM, WSZL_MC, XYBZ, YXBZ ) VALUES ( '85', '批复', 'Y', 'Y');
 INSERT INTO DM_WSZL ( WSZL_DM, WSZL_MC, XYBZ, YXBZ ) VALUES ( '86', '回复', 'Y', 'Y');
 INSERT INTO DM_WSZL ( WSZL_DM, WSZL_MC, XYBZ, YXBZ ) VALUES ( '90', '其他', 'Y', 'Y');
 INSERT INTO DM_WSZL ( WSZL_DM, WSZL_MC, XYBZ, YXBZ ) VALUES ( '91', '函', 'Y', 'Y');
 INSERT INTO DM_WSZL ( WSZL_DM, WSZL_MC, XYBZ, YXBZ ) VALUES ( '92', '采编件', 'Y', 'Y');
 INSERT INTO DM_WSZL ( WSZL_DM, WSZL_MC, XYBZ, YXBZ ) VALUES ( '96', '工作协办单(非文书)', 'Y', 'Y');
 INSERT INTO DM_WSZL ( WSZL_DM, WSZL_MC, XYBZ, YXBZ ) VALUES ( '97', '工作交办单(非文书)', 'Y', 'Y');
 INSERT INTO DM_WSZL ( WSZL_DM, WSZL_MC, XYBZ, YXBZ ) VALUES ( '98', '卷宗(文书集合)', 'Y', 'Y');
 INSERT INTO DM_WSZL ( WSZL_DM, WSZL_MC, XYBZ, YXBZ ) VALUES ( '99', '消息/信息', 'Y', 'Y');
 INSERT INTO DM_WSZL ( WSZL_DM, WSZL_MC, XYBZ, YXBZ ) VALUES ( '33', '调查表', 'Y', 'Y');
 commit;


 INSERT INTO QX_FAV_GNMK_TREE ( JD_DM, FJD_DM, JD_MC, GNMK_DM, JDLX_DM, JD_ORDER,USERID ) VALUES ( '0', '0', 'root', 'FFFFFFFFFFF', '0', 0, '00000000000');
 commit;

 INSERT INTO QX_GNMK ( GNMK_DM, GNMK_HZMC, GNMK_LJMC, MKLX_DM, YWHJ_DM, CYBJ, GZL_BZ, CFDK, DKWZ,SHOWLEFT, SHOWTOP, SHOWINTREE, SYSTEMNAME, YXBZ ) VALUES ( 'FFFFFFFFFFF', '文件夹', 'FFFFFF', '00', '000000', 'N', 'N', 'N', '0', 'Y', 'Y', 'Y', '系统管理', 'Y');
 INSERT INTO QX_GNMK ( GNMK_DM, GNMK_HZMC, GNMK_LJMC, MKLX_DM, YWHJ_DM, CYBJ, GZL_BZ, CFDK, DKWZ,SHOWLEFT, SHOWTOP, SHOWINTREE, SYSTEMNAME, YXBZ ) VALUES ( 'systemmanage.security.org', '机构初始化', '../security/org/zzjg.do?method=tree', '05', '090000', 'N', NULL, 'N', '0', 'Y', 'Y', 'Y', '系统管理', 'Y');
 INSERT INTO QX_GNMK ( GNMK_DM, GNMK_HZMC, GNMK_LJMC, MKLX_DM, YWHJ_DM, CYBJ, GZL_BZ, CFDK, DKWZ,SHOWLEFT, SHOWTOP, SHOWINTREE, SYSTEMNAME, YXBZ ) VALUES ( 'systemmanage.security.operator', '操作人员初始化', '../security/operator/index.jsp', '05', '090000', 'N', NULL, 'N', '0', 'Y', 'Y', 'Y', '系统管理', 'Y');
 INSERT INTO QX_GNMK ( GNMK_DM, GNMK_HZMC, GNMK_LJMC, MKLX_DM, YWHJ_DM, CYBJ, GZL_BZ, CFDK, DKWZ,SHOWLEFT, SHOWTOP, SHOWINTREE, SYSTEMNAME, YXBZ ) VALUES ( 'systemmanage.security.resource.reg', '资源注册', '../security/model/zyzc.do?method=queryList', '05', '000000', 'N', NULL, 'N', '0', 'Y', 'Y', 'Y', '系统管理', 'Y');
 INSERT INTO QX_GNMK ( GNMK_DM, GNMK_HZMC, GNMK_LJMC, MKLX_DM, YWHJ_DM, CYBJ, GZL_BZ, CFDK, DKWZ,SHOWLEFT, SHOWTOP, SHOWINTREE, SYSTEMNAME, YXBZ ) VALUES ( 'systemmanage.security.resource.limitation', '资源时效性', '../work/portal/gnmksxx/GnmksxxBndService.getGnmksxxs.do', '05', '090000', 'N', NULL, 'N', '0', 'Y', 'Y', 'Y', '系统管理', 'Y');
 INSERT INTO QX_GNMK ( GNMK_DM, GNMK_HZMC, GNMK_LJMC, MKLX_DM, YWHJ_DM, CYBJ, GZL_BZ, CFDK, DKWZ,SHOWLEFT, SHOWTOP, SHOWINTREE, SYSTEMNAME, YXBZ ) VALUES ( 'systemmanage.security.resource.operation', '操作注册', '../security/operation/operation.do', '05', '090000', 'N', NULL, 'N', '0', 'Y', 'Y', 'Y', '系统管理', 'Y');
 INSERT INTO QX_GNMK ( GNMK_DM, GNMK_HZMC, GNMK_LJMC, MKLX_DM, YWHJ_DM, CYBJ, GZL_BZ, CFDK, DKWZ,SHOWLEFT, SHOWTOP, SHOWINTREE, SYSTEMNAME, YXBZ ) VALUES ( 'systemmanage.security.role', '角色设置', '../security/role/jssz.do?method=init', '05', '090000', 'N', NULL, 'N', '0', 'Y', 'Y', 'Y', '系统管理', 'Y');
 INSERT INTO QX_GNMK ( GNMK_DM, GNMK_HZMC, GNMK_LJMC, MKLX_DM, YWHJ_DM, CYBJ, GZL_BZ, CFDK, DKWZ,SHOWLEFT, SHOWTOP, SHOWINTREE, SYSTEMNAME, YXBZ ) VALUES ( 'systemmanage.security.position', '岗位设置', '../security/position/gwsz.do?method=gwszPageInit', '05', '090000', 'N', NULL, 'N', '0', 'Y', 'Y', 'Y', '系统管理', 'Y');
 INSERT INTO QX_GNMK ( GNMK_DM, GNMK_HZMC, GNMK_LJMC, MKLX_DM, YWHJ_DM, CYBJ, GZL_BZ, CFDK, DKWZ,SHOWLEFT, SHOWTOP, SHOWINTREE, SYSTEMNAME, YXBZ ) VALUES ( 'systemmanage.security.user', '用户设置', '../security/user/user.do', '05', '090000', 'N', NULL, 'N', '0', 'Y', 'Y', 'Y', '系统管理', 'Y');
 INSERT INTO QX_GNMK ( GNMK_DM, GNMK_HZMC, GNMK_LJMC, MKLX_DM, YWHJ_DM, CYBJ, GZL_BZ, CFDK, DKWZ,SHOWLEFT, SHOWTOP, SHOWINTREE, SYSTEMNAME, YXBZ ) VALUES ( 'help', '帮助系统', 'help', '07', '090000', 'N', NULL, 'N', '0', 'Y', 'Y', 'N', '系统管理', 'Y');
 INSERT INTO QX_GNMK ( GNMK_DM, GNMK_HZMC, GNMK_LJMC, MKLX_DM, YWHJ_DM, CYBJ, GZL_BZ, CFDK, DKWZ,SHOWLEFT, SHOWTOP, SHOWINTREE, SYSTEMNAME, YXBZ ) VALUES ( 'changepwd', '修改密码', 'changepwd', '07', '090000', 'N', NULL, 'N', '0', 'Y', 'Y', 'N', '系统管理', 'Y');
 INSERT INTO QX_GNMK ( GNMK_DM, GNMK_HZMC, GNMK_LJMC, MKLX_DM, YWHJ_DM, CYBJ, GZL_BZ, CFDK, DKWZ,SHOWLEFT, SHOWTOP, SHOWINTREE, SYSTEMNAME, YXBZ ) VALUES ( 'setting', '个性设置', 'setting', '07', '090000', 'N', NULL, 'N', '0', 'Y', 'Y', 'N', '系统管理', 'Y');
 INSERT INTO QX_GNMK ( GNMK_DM, GNMK_HZMC, GNMK_LJMC, MKLX_DM, YWHJ_DM, CYBJ, GZL_BZ, CFDK, DKWZ,SHOWLEFT, SHOWTOP, SHOWINTREE, SYSTEMNAME, YXBZ ) VALUES ( 'exist', '退出系统', 'exist', '07', '090000', 'N', NULL, 'N', '0', 'Y', 'Y', 'N', '系统管理', 'Y');
 INSERT INTO QX_GNMK ( GNMK_DM, GNMK_HZMC, GNMK_LJMC, MKLX_DM, YWHJ_DM, CYBJ, GZL_BZ, CFDK, DKWZ,SHOWLEFT, SHOWTOP, SHOWINTREE, SYSTEMNAME, YXBZ ) VALUES ( 'relogin', '重新登录', 'relogin', '07', '090000', 'N', NULL, 'N', '0', 'Y', 'Y', 'N', '系统管理', 'Y');
 INSERT INTO QX_GNMK ( GNMK_DM, GNMK_HZMC, GNMK_LJMC, MKLX_DM, YWHJ_DM, CYBJ, GZL_BZ, CFDK, DKWZ,SHOWLEFT, SHOWTOP, SHOWINTREE, SYSTEMNAME, YXBZ ) VALUES ( 'lockscreen', '锁定屏幕', 'lockscreen', '07', '090000', 'N', NULL, 'N', '0', 'Y', 'Y', 'N', '系统管理', 'Y');
 INSERT INTO QX_GNMK ( GNMK_DM, GNMK_HZMC, GNMK_LJMC, MKLX_DM, YWHJ_DM, CYBJ, GZL_BZ, CFDK, DKWZ,SHOWLEFT, SHOWTOP, SHOWINTREE, SYSTEMNAME, YXBZ ) VALUES ( 'msg_login', '登录消息提示', 'msg_login', '07', '090000', 'N', NULL, 'N', '0', 'Y', 'Y', 'N', '系统管理', 'Y');
 INSERT INTO QX_GNMK ( GNMK_DM, GNMK_HZMC, GNMK_LJMC, MKLX_DM, YWHJ_DM, CYBJ, GZL_BZ, CFDK, DKWZ,SHOWLEFT, SHOWTOP, SHOWINTREE, SYSTEMNAME, YXBZ ) VALUES ( 'msg_ggxx', '公共消息', 'msg_ggxx', '07', '090000', 'N', NULL, 'N', '0', 'Y', 'Y', 'N', '系统管理', 'Y');
 INSERT INTO QX_GNMK ( GNMK_DM, GNMK_HZMC, GNMK_LJMC, MKLX_DM, YWHJ_DM, CYBJ, GZL_BZ, CFDK, DKWZ,SHOWLEFT, SHOWTOP, SHOWINTREE, SYSTEMNAME, YXBZ ) VALUES ( 'msg_text', '工作区消息', 'msg_text', '07', '090000', 'N', NULL, 'N', '0', 'Y', 'Y', 'N', '系统管理', 'Y');
 INSERT INTO QX_GNMK ( GNMK_DM, GNMK_HZMC, GNMK_LJMC, MKLX_DM, YWHJ_DM, CYBJ, GZL_BZ, CFDK, DKWZ,SHOWLEFT, SHOWTOP, SHOWINTREE, SYSTEMNAME, YXBZ ) VALUES ( 'Copyright', '版权所有', 'Copyright', '07', '090000', 'N', NULL, 'N', '0', 'Y', 'Y', 'N', '系统管理', 'Y');
 INSERT INTO QX_GNMK ( GNMK_DM, GNMK_HZMC, GNMK_LJMC, MKLX_DM, YWHJ_DM, CYBJ, GZL_BZ, CFDK, DKWZ,SHOWLEFT, SHOWTOP, SHOWINTREE, SYSTEMNAME, YXBZ ) VALUES ( 'messenger', '监听消息', 'messenger', '07', '090000', 'N', NULL, 'N', '0', 'Y', 'Y', 'N', '系统管理', 'Y');
 INSERT INTO QX_GNMK ( GNMK_DM, GNMK_HZMC, GNMK_LJMC, MKLX_DM, YWHJ_DM, CYBJ, GZL_BZ, CFDK, DKWZ,SHOWLEFT, SHOWTOP, SHOWINTREE, SYSTEMNAME, YXBZ ) VALUES ( 'systemmanage.security.system', '业务系统注册', '../portal/system/SystemBndService.ywxtzclist.do', '05', '090000', 'N', NULL, 'N', '0', 'Y', 'Y', 'Y', '系统管理', 'Y');
 INSERT INTO QX_GNMK ( GNMK_DM, GNMK_HZMC, GNMK_LJMC, MKLX_DM, YWHJ_DM, CYBJ, GZL_BZ, CFDK, DKWZ,SHOWLEFT, SHOWTOP, SHOWINTREE, SYSTEMNAME, YXBZ ) VALUES ( 'esbconsole.configMng.svcMng.svcSystemMng', '服务系统管理', '../esb/esbconsole/servicesystem/first.iface', '05', '090000', 'N', NULL, 'N', '0', 'Y', 'Y', 'Y', '系统管理', 'Y');
 
 INSERT INTO QX_GNMK ( GNMK_DM, GNMK_HZMC, GNMK_LJMC, MKLX_DM, YWHJ_DM, CYBJ, GZL_BZ, CFDK, DKWZ,SHOWLEFT, SHOWTOP, SHOWINTREE, SYSTEMNAME, YXBZ ) VALUES ( 'esbconsole.configMng.svcMng.busiSvcMng', '业务服务管理', '../esb/esbconsole/serviceMng/index.iface?nodeId=busiServiceManageId', '05', '090000', 'N', NULL, 'N', '0', 'Y', 'Y', 'Y', '系统管理', 'Y');
 INSERT INTO QX_GNMK ( GNMK_DM, GNMK_HZMC, GNMK_LJMC, MKLX_DM, YWHJ_DM, CYBJ, GZL_BZ, CFDK, DKWZ,SHOWLEFT, SHOWTOP, SHOWINTREE, SYSTEMNAME, YXBZ ) VALUES ( 'esbconsole.configMng.svcMng.baseSvcMng', '基础服务管理', '../esb/esbconsole/serviceMng/index.iface?nodeId=baseServiceManageId', '05', '090000', 'N', NULL, 'N', '0', 'Y', 'Y', 'Y', '系统管理', 'Y');
 INSERT INTO QX_GNMK ( GNMK_DM, GNMK_HZMC, GNMK_LJMC, MKLX_DM, YWHJ_DM, CYBJ, GZL_BZ, CFDK, DKWZ,SHOWLEFT, SHOWTOP, SHOWINTREE, SYSTEMNAME, YXBZ ) VALUES ( 'esbconsole.configMng.svcMng.proxySvcMng', '组合服务管理', '../esb/esbconsole/serviceMng/proxySvcMng/index.iface', '05', '090000', 'N', NULL, 'Y', '0', 'Y', 'N', 'Y', '系统管理', 'Y');
 INSERT INTO QX_GNMK ( GNMK_DM, GNMK_HZMC, GNMK_LJMC, MKLX_DM, YWHJ_DM, CYBJ, GZL_BZ, CFDK, DKWZ,SHOWLEFT, SHOWTOP, SHOWINTREE, SYSTEMNAME, YXBZ ) VALUES ( 'esbconsole.configMng.channelMng.channelMng', '渠道管理', '../esb/esbconsole/channelMng/first.iface', '05', '090000', 'N', NULL, 'N', '0', 'Y', 'Y', 'Y', '系统管理', 'Y');
 INSERT INTO QX_GNMK ( GNMK_DM, GNMK_HZMC, GNMK_LJMC, MKLX_DM, YWHJ_DM, CYBJ, GZL_BZ, CFDK, DKWZ,SHOWLEFT, SHOWTOP, SHOWINTREE, SYSTEMNAME, YXBZ ) VALUES ( 'esbconsole.configMng.rescMng.formatMng', '格式映射', '../esb/esbconsole/dataMng/formatmng/first.iface', '05', '090000', 'N', NULL, 'N', '0', 'Y', 'Y', 'Y', '系统管理', 'Y');
 INSERT INTO QX_GNMK ( GNMK_DM, GNMK_HZMC, GNMK_LJMC, MKLX_DM, YWHJ_DM, CYBJ, GZL_BZ, CFDK, DKWZ,SHOWLEFT, SHOWTOP, SHOWINTREE, SYSTEMNAME, YXBZ ) VALUES ( 'esbconsole.configMng.flowCtlMng.faultMaintenance', '故障维护', '../esb/esbconsole/monitor/flowControl/faultmaintenance/first.iface', '05', '090000', 'N', NULL, 'N', '0', 'Y', 'Y', 'Y', '系统管理', 'Y');
 INSERT INTO QX_GNMK ( GNMK_DM, GNMK_HZMC, GNMK_LJMC, MKLX_DM, YWHJ_DM, CYBJ, GZL_BZ, CFDK, DKWZ,SHOWLEFT, SHOWTOP, SHOWINTREE, SYSTEMNAME, YXBZ ) VALUES ( 'esbconsole.configMng.flowCtlMng.flowMonitor', '流量监控', '../esb/esbconsole/monitor/flowControl/flowMonitor/first.iface', '05', '090000', 'N', NULL, 'N', '0', 'Y', 'Y', 'Y', '系统管理', 'Y');
 INSERT INTO QX_GNMK ( GNMK_DM, GNMK_HZMC, GNMK_LJMC, MKLX_DM, YWHJ_DM, CYBJ, GZL_BZ, CFDK, DKWZ,SHOWLEFT, SHOWTOP, SHOWINTREE, SYSTEMNAME, YXBZ ) VALUES ( 'esbconsole.configMng.protocolMng.protocolMng', '协议管理', '../esb/esbconsole/configMng/protocolmng/first.iface', '05', '090000', 'N', NULL, 'N', '0', 'Y', 'Y', 'Y', '系统管理', 'Y');
 INSERT INTO QX_GNMK ( GNMK_DM, GNMK_HZMC, GNMK_LJMC, MKLX_DM, YWHJ_DM, CYBJ, GZL_BZ, CFDK, DKWZ,SHOWLEFT, SHOWTOP, SHOWINTREE, SYSTEMNAME, YXBZ ) VALUES ( 'esbconsole.configMng.nodeMng.nodeMng', '节点管理', '../esb/esbconsole/configMng/nodeMng/first.iface', '05', '090000', 'N', NULL, 'N', '0', 'Y', 'Y', 'Y', '系统管理', 'Y');
 INSERT INTO QX_GNMK ( GNMK_DM, GNMK_HZMC, GNMK_LJMC, MKLX_DM, YWHJ_DM, CYBJ, GZL_BZ, CFDK, DKWZ,SHOWLEFT, SHOWTOP, SHOWINTREE, SYSTEMNAME, YXBZ ) VALUES ( 'esbconsole.configMng.routeMng.routeTable', '路由表', '../esb/esbconsole/route/routeTab/first.iface', '05', '090000', 'N', NULL, 'N', '0', 'Y', 'Y', 'Y', '系统管理', 'Y');
 INSERT INTO QX_GNMK ( GNMK_DM, GNMK_HZMC, GNMK_LJMC, MKLX_DM, YWHJ_DM, CYBJ, GZL_BZ, CFDK, DKWZ,SHOWLEFT, SHOWTOP, SHOWINTREE, SYSTEMNAME, YXBZ ) VALUES ( 'esbconsole.configMng.routeMng.mailBox', '路由入口', '../esb/esbconsole/route/routeIn/first.iface', '05', '090000', 'N', NULL, 'N', '0', 'Y', 'Y', 'Y', '系统管理', 'Y');

 INSERT INTO QX_GNMK ( GNMK_DM, GNMK_HZMC, GNMK_LJMC, MKLX_DM, YWHJ_DM, CYBJ, GZL_BZ, CFDK, DKWZ,SHOWLEFT, SHOWTOP, SHOWINTREE, SYSTEMNAME, YXBZ ) VALUES ( 'esbconsole.configMng.routeMng.ptServiceMng', '穿透服务路由管理', '../esb/esbconsole/route/ptservices/index.iface', '05', '090000', 'N', NULL, 'N', '0', 'Y', 'Y', 'Y', '系统管理', 'Y');
 INSERT INTO QX_GNMK ( GNMK_DM, GNMK_HZMC, GNMK_LJMC, MKLX_DM, YWHJ_DM, CYBJ, GZL_BZ, CFDK, DKWZ,SHOWLEFT, SHOWTOP, SHOWINTREE, SYSTEMNAME, YXBZ ) VALUES ( 'esbconsole.configMng.svcMng.svcPeriodMng', '服务有效期管理', '../esb/esbconsole/serviceperiod/first.iface', '05', '090000', 'N', NULL, 'N', '0', 'Y', 'Y', 'Y', '系统管理', 'Y');
 INSERT INTO QX_GNMK ( GNMK_DM, GNMK_HZMC, GNMK_LJMC, MKLX_DM, YWHJ_DM, CYBJ, GZL_BZ, CFDK, DKWZ,SHOWLEFT, SHOWTOP, SHOWINTREE, SYSTEMNAME, YXBZ ) VALUES ( 'esbconsole.configMng.flowMng.flowConfig', '流水配置', '../esb/esbconsole/monitor/trans/transconfig/first.iface', '05', '090000', 'N', NULL, 'N', '0', 'Y', 'Y', 'Y', '系统管理', 'Y');
 INSERT INTO QX_GNMK ( GNMK_DM, GNMK_HZMC, GNMK_LJMC, MKLX_DM, YWHJ_DM, CYBJ, GZL_BZ, CFDK, DKWZ,SHOWLEFT, SHOWTOP, SHOWINTREE, SYSTEMNAME, YXBZ ) VALUES ( 'esbconsole.configMng.flowMng.flowQuery', '流水信息查询', '../esb/esbconsole/monitor/trans/transquery/first.iface', '05', '090000', 'N', NULL, 'N', '0', 'Y', 'Y', 'Y', '系统管理', 'Y');
 INSERT INTO QX_GNMK ( GNMK_DM, GNMK_HZMC, GNMK_LJMC, MKLX_DM, YWHJ_DM, CYBJ, GZL_BZ, CFDK, DKWZ,SHOWLEFT, SHOWTOP, SHOWINTREE, SYSTEMNAME, YXBZ ) VALUES ( 'esbconsole.configMng.flowMng.flowNoConfig', '流水号配置', '../esb/esbconsole/translogflowno/main.iface', '05', '090000', 'N', NULL, 'N', '0', 'Y', 'Y', 'Y', '系统管理', 'Y');
 INSERT INTO QX_GNMK ( GNMK_DM, GNMK_HZMC, GNMK_LJMC, MKLX_DM, YWHJ_DM, CYBJ, GZL_BZ, CFDK, DKWZ,SHOWLEFT, SHOWTOP, SHOWINTREE, SYSTEMNAME, YXBZ ) VALUES ( 'esbconsole.configMng.exceptionMng.exceptionMng', '异常处理维护', '../esb/esbconsole/exceptionMng/first.iface', '05', '090000', 'N', NULL, 'N', '0', 'Y', 'Y', 'Y', '系统管理', 'Y');
 INSERT INTO QX_GNMK ( GNMK_DM, GNMK_HZMC, GNMK_LJMC, MKLX_DM, YWHJ_DM, CYBJ, GZL_BZ, CFDK, DKWZ,SHOWLEFT, SHOWTOP, SHOWINTREE, SYSTEMNAME, YXBZ ) VALUES ( 'esbconsole.configMng.exceptionMng.exceptionConfig', '异常码配置', '../esb/esbconsole/errorcodeMng/first.iface', '05', '090000', 'N', NULL, 'N', '0', 'Y', 'Y', 'Y', '系统管理', 'Y');
 commit;
 
 INSERT INTO QX_GNMB_GNMK ( GNMB_DM, GNMK_DM, JD_DM, FJD_DM, JD_MC,JD_ORDER ) VALUES ( '00000000001', 'FFFFFFFFFFF', 'esbconsole', '0', 'ESB控制台', 90);
 INSERT INTO QX_GNMB_GNMK ( GNMB_DM, GNMK_DM, JD_DM, FJD_DM, JD_MC,JD_ORDER ) VALUES ( '00000000001', 'FFFFFFFFFFF', 'esbconsole002', 'esbconsole', '配置管理', 2);
 INSERT INTO QX_GNMB_GNMK ( GNMB_DM, GNMK_DM, JD_DM, FJD_DM, JD_MC,JD_ORDER ) VALUES ( '00000000001', 'FFFFFFFFFFF', 'esbconsole002001', 'esbconsole002', '协议管理', 1);
 INSERT INTO QX_GNMB_GNMK ( GNMB_DM, GNMK_DM, JD_DM, FJD_DM, JD_MC,JD_ORDER ) VALUES ( '00000000001', 'FFFFFFFFFFF', 'esbconsole002002', 'esbconsole002', '节点管理', 2);
 INSERT INTO QX_GNMB_GNMK ( GNMB_DM, GNMK_DM, JD_DM, FJD_DM, JD_MC,JD_ORDER ) VALUES ( '00000000001', 'esbconsole.configMng.svcMng.svcSystemMng', 'esbconsole002004008', 'esbconsole002004', '服务系统管理', 8);

 INSERT INTO QX_GNMB_GNMK ( GNMB_DM, GNMK_DM, JD_DM, FJD_DM, JD_MC,JD_ORDER ) VALUES ( '00000000001', 'FFFFFFFFFFF', 'esbconsole002003', 'esbconsole002', '路由管理', 3);
 INSERT INTO QX_GNMB_GNMK ( GNMB_DM, GNMK_DM, JD_DM, FJD_DM, JD_MC,JD_ORDER ) VALUES ( '00000000001', 'FFFFFFFFFFF', 'esbconsole002004', 'esbconsole002', '服务管理', 4);
 INSERT INTO QX_GNMB_GNMK ( GNMB_DM, GNMK_DM, JD_DM, FJD_DM, JD_MC,JD_ORDER ) VALUES ( '00000000001', 'esbconsole.configMng.svcMng.busiSvcMng', 'esbconsole002004001', 'esbconsole002004', '业务服务管理', 1);
 INSERT INTO QX_GNMB_GNMK ( GNMB_DM, GNMK_DM, JD_DM, FJD_DM, JD_MC,JD_ORDER ) VALUES ( '00000000001', 'esbconsole.configMng.svcMng.baseSvcMng', 'esbconsole002004002', 'esbconsole002004', '基础服务管理', 2);
 INSERT INTO QX_GNMB_GNMK ( GNMB_DM, GNMK_DM, JD_DM, FJD_DM, JD_MC,JD_ORDER ) VALUES ( '00000000001', 'esbconsole.configMng.svcMng.proxySvcMng', 'esbconsole002004003', 'esbconsole002004', '组合服务管理', 3);
 INSERT INTO QX_GNMB_GNMK ( GNMB_DM, GNMK_DM, JD_DM, FJD_DM, JD_MC,JD_ORDER ) VALUES ( '00000000001', 'FFFFFFFFFFF', 'esbconsole002005', 'esbconsole002', '渠道管理', 5);
 INSERT INTO QX_GNMB_GNMK ( GNMB_DM, GNMK_DM, JD_DM, FJD_DM, JD_MC,JD_ORDER ) VALUES ( '00000000001', 'esbconsole.configMng.channelMng.channelMng', 'esbconsole002005001', 'esbconsole002005', '渠道管理', 1);
 INSERT INTO QX_GNMB_GNMK ( GNMB_DM, GNMK_DM, JD_DM, FJD_DM, JD_MC,JD_ORDER ) VALUES ( '00000000001', 'esbconsole.configMng.rescMng.formatMng', 'esbconsole002006002', 'esbconsole002006', '格式映射', 2);
 INSERT INTO QX_GNMB_GNMK ( GNMB_DM, GNMK_DM, JD_DM, FJD_DM, JD_MC,JD_ORDER ) VALUES ( '00000000001', 'FFFFFFFFFFF', 'esbconsole002007', 'esbconsole002', '流量控制管理', 7);
 INSERT INTO QX_GNMB_GNMK ( GNMB_DM, GNMK_DM, JD_DM, FJD_DM, JD_MC,JD_ORDER ) VALUES ( '00000000001', 'esbconsole.configMng.flowCtlMng.faultMaintenance', 'esbconsole002007003', 'esbconsole002007', '故障维护', 3);
 INSERT INTO QX_GNMB_GNMK ( GNMB_DM, GNMK_DM, JD_DM, FJD_DM, JD_MC,JD_ORDER ) VALUES ( '00000000001', 'esbconsole.configMng.flowCtlMng.flowMonitor', 'esbconsole002007004', 'esbconsole002007', '流量监控', 4);
 INSERT INTO QX_GNMB_GNMK ( GNMB_DM, GNMK_DM, JD_DM, FJD_DM, JD_MC,JD_ORDER ) VALUES ( '00000000001', 'FFFFFFFFFFF', 'esbconsole002008', 'esbconsole002', '日志管理', 8);
 INSERT INTO QX_GNMB_GNMK ( GNMB_DM, GNMK_DM, JD_DM, FJD_DM, JD_MC,JD_ORDER ) VALUES ( '00000000001', 'esbconsole.configMng.protocolMng.protocolMng', 'esbconsole002001002', 'esbconsole002001', '协议管理', 2);
 INSERT INTO QX_GNMB_GNMK ( GNMB_DM, GNMK_DM, JD_DM, FJD_DM, JD_MC,JD_ORDER ) VALUES ( '00000000001', 'esbconsole.configMng.nodeMng.nodeMng', 'esbconsole002002001', 'esbconsole002002', '节点管理', 1);
 INSERT INTO QX_GNMB_GNMK ( GNMB_DM, GNMK_DM, JD_DM, FJD_DM, JD_MC,JD_ORDER ) VALUES ( '00000000001', 'esbconsole.configMng.routeMng.routeTable', 'esbconsole002003001', 'esbconsole002003', '路由表', 1);
 INSERT INTO QX_GNMB_GNMK ( GNMB_DM, GNMK_DM, JD_DM, FJD_DM, JD_MC,JD_ORDER ) VALUES ( '00000000001', 'esbconsole.configMng.routeMng.mailBox', 'esbconsole002003002', 'esbconsole002003', '路由入口', 2);
 INSERT INTO QX_GNMB_GNMK ( GNMB_DM, GNMK_DM, JD_DM, FJD_DM, JD_MC,JD_ORDER ) VALUES ( '00000000001', 'esbconsole.configMng.routeMng.ptServiceMng', 'esbconsole002003003', 'esbconsole002003', '穿透服务路由管理', 3);
 INSERT INTO QX_GNMB_GNMK ( GNMB_DM, GNMK_DM, JD_DM, FJD_DM, JD_MC,JD_ORDER ) VALUES ( '00000000001', 'esbconsole.configMng.svcMng.svcPeriodMng', 'esbconsole002004007', 'esbconsole002004', '服务有效期管理', 7);
 INSERT INTO QX_GNMB_GNMK ( GNMB_DM, GNMK_DM, JD_DM, FJD_DM, JD_MC,JD_ORDER ) VALUES ( '00000000001', 'FFFFFFFFFFF', 'esbconsole002009', 'esbconsole002', '流水管理', 9);
 INSERT INTO QX_GNMB_GNMK ( GNMB_DM, GNMK_DM, JD_DM, FJD_DM, JD_MC,JD_ORDER ) VALUES ( '00000000001', 'esbconsole.configMng.flowMng.flowConfig', 'esbconsole002009001', 'esbconsole002009', '流水配置', 1);
 INSERT INTO QX_GNMB_GNMK ( GNMB_DM, GNMK_DM, JD_DM, FJD_DM, JD_MC,JD_ORDER ) VALUES ( '00000000001', 'esbconsole.configMng.flowMng.flowQuery', 'esbconsole002009002', 'esbconsole002009', '流水信息查询', 2);
 INSERT INTO QX_GNMB_GNMK ( GNMB_DM, GNMK_DM, JD_DM, FJD_DM, JD_MC,JD_ORDER ) VALUES ( '00000000001', 'esbconsole.configMng.flowMng.flowNoConfig', 'esbconsole002009003', 'esbconsole002009', '流水号配置', 3);
 INSERT INTO QX_GNMB_GNMK ( GNMB_DM, GNMK_DM, JD_DM, FJD_DM, JD_MC,JD_ORDER ) VALUES ( '00000000001', 'FFFFFFFFFFF', 'esbconsole002011', 'esbconsole002', '异常处理维护', 11);
 INSERT INTO QX_GNMB_GNMK ( GNMB_DM, GNMK_DM, JD_DM, FJD_DM, JD_MC,JD_ORDER ) VALUES ( '00000000001', 'esbconsole.configMng.exceptionMng.exceptionMng', 'esbconsole002011001', 'esbconsole002011', '异常处理维护', 1);
 INSERT INTO QX_GNMB_GNMK ( GNMB_DM, GNMK_DM, JD_DM, FJD_DM, JD_MC,JD_ORDER ) VALUES ( '00000000001', 'esbconsole.configMng.exceptionMng.exceptionConfig', 'esbconsole002011002', 'esbconsole002011', '异常码配置', 2);
 
 commit;
 
 INSERT INTO QX_GNMK_TREE ( JD_DM, FJD_DM, JD_MC, GNMK_DM, JDLX_DM,JD_ORDER ) VALUES ( '0', '0', '资源树', 'FFFFFFFFFFF', '0', 0);
 INSERT INTO QX_GNMK_TREE ( JD_DM, FJD_DM, JD_MC, GNMK_DM, JDLX_DM,JD_ORDER ) VALUES ( 'esbconsole', '0', 'ESB控制台', 'FFFFFFFFFFF', '01', 90);
 INSERT INTO QX_GNMK_TREE ( JD_DM, FJD_DM, JD_MC, GNMK_DM, JDLX_DM,JD_ORDER ) VALUES ( 'esbconsole002', 'esbconsole', '配置管理', 'FFFFFFFFFFF', '01', 2);
 INSERT INTO QX_GNMK_TREE ( JD_DM, FJD_DM, JD_MC, GNMK_DM, JDLX_DM,JD_ORDER ) VALUES ( 'esbconsole002001', 'esbconsole002', '协议管理', 'FFFFFFFFFFF', '01', 1);
 INSERT INTO QX_GNMK_TREE ( JD_DM, FJD_DM, JD_MC, GNMK_DM, JDLX_DM,JD_ORDER ) VALUES ( 'esbconsole002009001', 'esbconsole002009', '流水配置', 'esbconsole.configMng.flowMng.flowConfig', '02', 1);
 INSERT INTO QX_GNMK_TREE ( JD_DM, FJD_DM, JD_MC, GNMK_DM, JDLX_DM,JD_ORDER ) VALUES ( 'esbconsole002009002', 'esbconsole002009', '流水信息查询', 'esbconsole.configMng.flowMng.flowQuery', '02', 2);
 INSERT INTO QX_GNMK_TREE ( JD_DM, FJD_DM, JD_MC, GNMK_DM, JDLX_DM,JD_ORDER ) VALUES ( 'esbconsole002002', 'esbconsole002', '节点管理', 'FFFFFFFFFFF', '01', 2);
 INSERT INTO QX_GNMK_TREE ( JD_DM, FJD_DM, JD_MC, GNMK_DM, JDLX_DM,JD_ORDER ) VALUES ( 'esbconsole002009003', 'esbconsole002009', '流水号配置', 'esbconsole.configMng.flowMng.flowNoConfig', '02', 3);
 INSERT INTO QX_GNMK_TREE ( JD_DM, FJD_DM, JD_MC, GNMK_DM, JDLX_DM,JD_ORDER ) VALUES ( 'esbconsole002003', 'esbconsole002', '路由管理', 'FFFFFFFFFFF', '01', 3);
 INSERT INTO QX_GNMK_TREE ( JD_DM, FJD_DM, JD_MC, GNMK_DM, JDLX_DM,JD_ORDER ) VALUES ( 'esbconsole002004', 'esbconsole002', '服务管理', 'FFFFFFFFFFF', '01', 4);
 INSERT INTO QX_GNMK_TREE ( JD_DM, FJD_DM, JD_MC, GNMK_DM, JDLX_DM,JD_ORDER ) VALUES ( 'esbconsole002004001', 'esbconsole002004', '业务服务管理', 'esbconsole.configMng.svcMng.busiSvcMng', '02', 1);
 INSERT INTO QX_GNMK_TREE ( JD_DM, FJD_DM, JD_MC, GNMK_DM, JDLX_DM,JD_ORDER ) VALUES ( 'esbconsole002004002', 'esbconsole002004', '基础服务管理', 'esbconsole.configMng.svcMng.baseSvcMng', '02', 2);
 INSERT INTO QX_GNMK_TREE ( JD_DM, FJD_DM, JD_MC, GNMK_DM, JDLX_DM,JD_ORDER ) VALUES ( 'esbconsole002004003', 'esbconsole002004', '组合服务管理', 'esbconsole.configMng.svcMng.proxySvcMng', '02', 3);
 INSERT INTO QX_GNMK_TREE ( JD_DM, FJD_DM, JD_MC, GNMK_DM, JDLX_DM,JD_ORDER ) VALUES ( 'esbconsole002011', 'esbconsole002', '异常处理维护', 'FFFFFFFFFFF', '01', 11);
 INSERT INTO QX_GNMK_TREE ( JD_DM, FJD_DM, JD_MC, GNMK_DM, JDLX_DM,JD_ORDER ) VALUES ( 'esbconsole002011001', 'esbconsole002011', '异常处理维护', 'esbconsole.configMng.exceptionMng.exceptionMng', '02', 1);
 INSERT INTO QX_GNMK_TREE ( JD_DM, FJD_DM, JD_MC, GNMK_DM, JDLX_DM,JD_ORDER ) VALUES ( 'esbconsole002011002', 'esbconsole002011', '异常码配置', 'esbconsole.configMng.exceptionMng.exceptionConfig', '02', 2);
 INSERT INTO QX_GNMK_TREE ( JD_DM, FJD_DM, JD_MC, GNMK_DM, JDLX_DM,JD_ORDER ) VALUES ( 'esbconsole002005', 'esbconsole002', '渠道管理', 'FFFFFFFFFFF', '01', 5);
 INSERT INTO QX_GNMK_TREE ( JD_DM, FJD_DM, JD_MC, GNMK_DM, JDLX_DM,JD_ORDER ) VALUES ( 'esbconsole002005001', 'esbconsole002005', '渠道管理', 'esbconsole.configMng.channelMng.channelMng', '02', 1);
 INSERT INTO QX_GNMK_TREE ( JD_DM, FJD_DM, JD_MC, GNMK_DM, JDLX_DM,JD_ORDER ) VALUES ( 'esbconsole002006002', 'esbconsole002006', '格式映射', 'esbconsole.configMng.rescMng.formatMng', '02', 2);
 INSERT INTO QX_GNMK_TREE ( JD_DM, FJD_DM, JD_MC, GNMK_DM, JDLX_DM,JD_ORDER ) VALUES ( 'esbconsole002007', 'esbconsole002', '流量控制管理', 'FFFFFFFFFFF', '01', 7);
 INSERT INTO QX_GNMK_TREE ( JD_DM, FJD_DM, JD_MC, GNMK_DM, JDLX_DM,JD_ORDER ) VALUES ( 'esbconsole002007003', 'esbconsole002007', '故障维护', 'esbconsole.configMng.flowCtlMng.faultMaintenance', '02', 3);
 INSERT INTO QX_GNMK_TREE ( JD_DM, FJD_DM, JD_MC, GNMK_DM, JDLX_DM,JD_ORDER ) VALUES ( 'esbconsole002007004', 'esbconsole002007', '流量监控', 'esbconsole.configMng.flowCtlMng.flowMonitor', '02', 4);
 INSERT INTO QX_GNMK_TREE ( JD_DM, FJD_DM, JD_MC, GNMK_DM, JDLX_DM,JD_ORDER ) VALUES ( 'esbconsole002008', 'esbconsole002', '日志管理', 'FFFFFFFFFFF', '01', 8);
 INSERT INTO QX_GNMK_TREE ( JD_DM, FJD_DM, JD_MC, GNMK_DM, JDLX_DM,JD_ORDER ) VALUES ( 'esbconsole002004008', 'esbconsole002004', '服务系统管理', 'esbconsole.configMng.svcMng.svcSystemMng', '02', 8);
 INSERT INTO QX_GNMK_TREE ( JD_DM, FJD_DM, JD_MC, GNMK_DM, JDLX_DM,JD_ORDER ) VALUES ( 'esbconsole002001002', 'esbconsole002001', '协议管理', 'esbconsole.configMng.protocolMng.protocolMng', '02', 2);
 INSERT INTO QX_GNMK_TREE ( JD_DM, FJD_DM, JD_MC, GNMK_DM, JDLX_DM,JD_ORDER ) VALUES ( 'esbconsole002002001', 'esbconsole002002', '节点管理', 'esbconsole.configMng.nodeMng.nodeMng', '02', 1);
 INSERT INTO QX_GNMK_TREE ( JD_DM, FJD_DM, JD_MC, GNMK_DM, JDLX_DM,JD_ORDER ) VALUES ( 'esbconsole002003001', 'esbconsole002003', '路由表', 'esbconsole.configMng.routeMng.routeTable', '02', 1);
 INSERT INTO QX_GNMK_TREE ( JD_DM, FJD_DM, JD_MC, GNMK_DM, JDLX_DM,JD_ORDER ) VALUES ( 'esbconsole002003003', 'esbconsole002003', '穿透服务路由管理', 'esbconsole.configMng.routeMng.ptServiceMng', '02', 3);
 INSERT INTO QX_GNMK_TREE ( JD_DM, FJD_DM, JD_MC, GNMK_DM, JDLX_DM,JD_ORDER ) VALUES ( 'esbconsole002003002', 'esbconsole002003', '路由入口', 'esbconsole.configMng.routeMng.mailBox', '02', 2);
 INSERT INTO QX_GNMK_TREE ( JD_DM, FJD_DM, JD_MC, GNMK_DM, JDLX_DM,JD_ORDER ) VALUES ( 'esbconsole002004007', 'esbconsole002004', '服务有效期管理', 'esbconsole.configMng.svcMng.svcPeriodMng', '02', 7);
 INSERT INTO QX_GNMK_TREE ( JD_DM, FJD_DM, JD_MC, GNMK_DM, JDLX_DM,JD_ORDER ) VALUES ( 'esbconsole002009', 'esbconsole002', '流水管理', 'FFFFFFFFFFF', '01', 9);
 commit;

 INSERT INTO XT_BDBMJG ( XT_BDBMJG_ZDLBNM, XT_BDBMJG_ZDLBMC, XT_BDBMJG_BMJG, XT_BDBMJG_SJCD,XT_BDBMJG_YLCD ) VALUES ( '4028bc440594af57010594b264bd0001', '客户类型', '1', 1, 32);
 INSERT INTO XT_BDBMJG ( XT_BDBMJG_ZDLBNM, XT_BDBMJG_ZDLBMC, XT_BDBMJG_BMJG, XT_BDBMJG_SJCD,XT_BDBMJG_YLCD ) VALUES ( '4028bc440594af57010594b2c7dc0002', '客户等级', '1', 1, 32);
 INSERT INTO XT_BDBMJG ( XT_BDBMJG_ZDLBNM, XT_BDBMJG_ZDLBMC, XT_BDBMJG_BMJG, XT_BDBMJG_SJCD,XT_BDBMJG_YLCD ) VALUES ( '4028bc440594af57010594b324060003', '客户状态', '1', 1, 32);
 INSERT INTO XT_BDBMJG ( XT_BDBMJG_ZDLBNM, XT_BDBMJG_ZDLBMC, XT_BDBMJG_BMJG, XT_BDBMJG_SJCD,XT_BDBMJG_YLCD ) VALUES ( '4028bc440571498d01057153a9150005', '出错信息级别', '1', 1, 32);
 INSERT INTO XT_BDBMJG ( XT_BDBMJG_ZDLBNM, XT_BDBMJG_ZDLBMC, XT_BDBMJG_BMJG, XT_BDBMJG_SJCD,XT_BDBMJG_YLCD ) VALUES ( '4028bc440571498d0105715447970006', '出错信息类型', '1', 1, 32);
 commit;
 INSERT INTO XT_BDDMZB ( XT_BDDMZB_NM, XT_BDDMZB_ZDLBNM, XT_BDDMZB_BM, XT_BDDMZB_GGDMMC,XT_BDDMZB_ZJM, XT_BDDMZB_SXH, XT_BDDMZB_ZT, XT_BDDMZB_JC, XT_BDDMZB_SFMX ) VALUES ( '4028bc440594af57010594b37c670005', '4028bc440594af57010594b264bd0001', '0', '企业用户', NULL, 1, '1', '1', '1');
 INSERT INTO XT_BDDMZB ( XT_BDDMZB_NM, XT_BDDMZB_ZDLBNM, XT_BDDMZB_BM, XT_BDDMZB_GGDMMC,XT_BDDMZB_ZJM, XT_BDDMZB_SXH, XT_BDDMZB_ZT, XT_BDDMZB_JC, XT_BDDMZB_SFMX ) VALUES ( '4028bc440594af57010594b3db120006', '4028bc440594af57010594b2c7dc0002', '0', '一等', 'null', 1, '1', '1', '1');
 INSERT INTO XT_BDDMZB ( XT_BDDMZB_NM, XT_BDDMZB_ZDLBNM, XT_BDDMZB_BM, XT_BDDMZB_GGDMMC,XT_BDDMZB_ZJM, XT_BDDMZB_SXH, XT_BDDMZB_ZT, XT_BDDMZB_JC, XT_BDDMZB_SFMX ) VALUES ( '4028bc440594af57010594b49c3f0007', '4028bc440594af57010594b264bd0001', '1', '散户', NULL, 2, '1', '1', '1');
 INSERT INTO XT_BDDMZB ( XT_BDDMZB_NM, XT_BDDMZB_ZDLBNM, XT_BDDMZB_BM, XT_BDDMZB_GGDMMC,XT_BDDMZB_ZJM, XT_BDDMZB_SXH, XT_BDDMZB_ZT, XT_BDDMZB_JC, XT_BDDMZB_SFMX ) VALUES ( '4028bc440594af57010594b4d1390008', '4028bc440594af57010594b2c7dc0002', '1', '二等', NULL, 2, '1', '1', '1');
 INSERT INTO XT_BDDMZB ( XT_BDDMZB_NM, XT_BDDMZB_ZDLBNM, XT_BDDMZB_BM, XT_BDDMZB_GGDMMC,XT_BDDMZB_ZJM, XT_BDDMZB_SXH, XT_BDDMZB_ZT, XT_BDDMZB_JC, XT_BDDMZB_SFMX ) VALUES ( '4028bc440594af57010594b4f9d00009', '4028bc440594af57010594b2c7dc0002', '2', '三等', NULL, 3, '1', '1', '1');
 INSERT INTO XT_BDDMZB ( XT_BDDMZB_NM, XT_BDDMZB_ZDLBNM, XT_BDDMZB_BM, XT_BDDMZB_GGDMMC,XT_BDDMZB_ZJM, XT_BDDMZB_SXH, XT_BDDMZB_ZT, XT_BDDMZB_JC, XT_BDDMZB_SFMX ) VALUES ( '4028bc440594af57010594b522e3000a', '4028bc440594af57010594b324060003', '0', '正常', NULL, 1, '1', '1', '1');
 INSERT INTO XT_BDDMZB ( XT_BDDMZB_NM, XT_BDDMZB_ZDLBNM, XT_BDDMZB_BM, XT_BDDMZB_GGDMMC,XT_BDDMZB_ZJM, XT_BDDMZB_SXH, XT_BDDMZB_ZT, XT_BDDMZB_JC, XT_BDDMZB_SFMX ) VALUES ( '4028bc440594af57010594b68ab1000b', '4028bc440594af57010594b324060003', '1', '冻结', NULL, 2, '1', '1', '1');
 INSERT INTO XT_BDDMZB ( XT_BDDMZB_NM, XT_BDDMZB_ZDLBNM, XT_BDDMZB_BM, XT_BDDMZB_GGDMMC,XT_BDDMZB_ZJM, XT_BDDMZB_SXH, XT_BDDMZB_ZT, XT_BDDMZB_JC, XT_BDDMZB_SFMX ) VALUES ( '4028bc440594af57010594b6b2f9000c', '4028bc440594af57010594b324060003', '2', '黑名单', NULL, 3, '1', '1', '1');
 INSERT INTO XT_BDDMZB ( XT_BDDMZB_NM, XT_BDDMZB_ZDLBNM, XT_BDDMZB_BM, XT_BDDMZB_GGDMMC,XT_BDDMZB_ZJM, XT_BDDMZB_SXH, XT_BDDMZB_ZT, XT_BDDMZB_JC, XT_BDDMZB_SFMX ) VALUES ( '4028bc440571498d0105715636860007', '4028bc440571498d01057153a9150005', '1', '建议', NULL, 1, '1', '1', '1');
 INSERT INTO XT_BDDMZB ( XT_BDDMZB_NM, XT_BDDMZB_ZDLBNM, XT_BDDMZB_BM, XT_BDDMZB_GGDMMC,XT_BDDMZB_ZJM, XT_BDDMZB_SXH, XT_BDDMZB_ZT, XT_BDDMZB_JC, XT_BDDMZB_SFMX ) VALUES ( '4028bc440571498d0105715680510008', '4028bc440571498d01057153a9150005', '2', '微小', NULL, 2, '1', '1', '1');
 INSERT INTO XT_BDDMZB ( XT_BDDMZB_NM, XT_BDDMZB_ZDLBNM, XT_BDDMZB_BM, XT_BDDMZB_GGDMMC,XT_BDDMZB_ZJM, XT_BDDMZB_SXH, XT_BDDMZB_ZT, XT_BDDMZB_JC, XT_BDDMZB_SFMX ) VALUES ( '4028bc440571498d01057156c6df0009', '4028bc440571498d01057153a9150005', '3', '一般', NULL, 3, '1', '1', '1');
 INSERT INTO XT_BDDMZB ( XT_BDDMZB_NM, XT_BDDMZB_ZDLBNM, XT_BDDMZB_BM, XT_BDDMZB_GGDMMC,XT_BDDMZB_ZJM, XT_BDDMZB_SXH, XT_BDDMZB_ZT, XT_BDDMZB_JC, XT_BDDMZB_SFMX ) VALUES ( '4028bc440571498d010571571acc000a', '4028bc440571498d01057153a9150005', '4', '严重', NULL, 4, '1', '1', '1');
 INSERT INTO XT_BDDMZB ( XT_BDDMZB_NM, XT_BDDMZB_ZDLBNM, XT_BDDMZB_BM, XT_BDDMZB_GGDMMC,XT_BDDMZB_ZJM, XT_BDDMZB_SXH, XT_BDDMZB_ZT, XT_BDDMZB_JC, XT_BDDMZB_SFMX ) VALUES ( '4028bc440571498d010571585a8f000b', '4028bc440571498d01057153a9150005', '5', '致命', NULL, 5, '1', '1', '1');
 INSERT INTO XT_BDDMZB ( XT_BDDMZB_NM, XT_BDDMZB_ZDLBNM, XT_BDDMZB_BM, XT_BDDMZB_GGDMMC,XT_BDDMZB_ZJM, XT_BDDMZB_SXH, XT_BDDMZB_ZT, XT_BDDMZB_JC, XT_BDDMZB_SFMX ) VALUES ( '4028bc440571498d0105715a1639000c', '4028bc440571498d0105715447970006', '0', '系统', NULL, 1, '1', '1', '1');
 INSERT INTO XT_BDDMZB ( XT_BDDMZB_NM, XT_BDDMZB_ZDLBNM, XT_BDDMZB_BM, XT_BDDMZB_GGDMMC,XT_BDDMZB_ZJM, XT_BDDMZB_SXH, XT_BDDMZB_ZT, XT_BDDMZB_JC, XT_BDDMZB_SFMX ) VALUES ( '4028bc440571498d0105715a446d000d', '4028bc440571498d0105715447970006', '1', '业务', NULL, 2, '1', '1', '1');
 INSERT INTO XT_BDDMZB ( XT_BDDMZB_NM, XT_BDDMZB_ZDLBNM, XT_BDDMZB_BM, XT_BDDMZB_GGDMMC,XT_BDDMZB_ZJM, XT_BDDMZB_SXH, XT_BDDMZB_ZT, XT_BDDMZB_JC, XT_BDDMZB_SFMX ) VALUES ( '8a81186914b473f80114b4a7e5e1001a', '4028bc440594af57010594b264bd0001', '3', '客户3', 'null', 3, '1', '1', '1');
 commit;
 INSERT INTO XT_TYKJ ( XT_TYKJ_KJBH, XT_TYKJ_KJMC, XT_TYKJ_KJLX, XT_TYKJ_KJBM, XT_TYKJ_KJBT,XT_TYKJ_CXBT, XT_TYKJ_CXZD, XT_TYKJ_BHZD, XT_TYKJ_BHZDBT, XT_TYKJ_MCZD, XT_TYKJ_XSZDBT,XT_TYKJ_QTZDLB, XT_TYKJ_QTZDBTLB, XT_TYKJ_GMC, XT_TYKJ_JSZD, XT_TYKJ_MXZD, XT_TYKJ_SXHZD,XT_TYKJ_NMZD, XT_TYKJ_CXTJ, XT_TYKJ_SFXZMX, XT_TYKJ_LXZHL,XT_TYKJ_CATCH ) VALUES ( '1000003', 'xzqh', 'T', 'XT_BDDMZB', '行政区划', NULL, NULL, 'XT_BDDMZB_NM', NULL, 'XT_BDDMZB_GGDMMC', NULL, NULL, NULL, NULL, 'XT_BDDMZB_JC', NULL, NULL, 'XT_BDDMZB_NM', 'XT_BDDMZB_ZDLBNM=''002''', NULL, NULL, 'Y');
 INSERT INTO XT_TYKJ ( XT_TYKJ_KJBH, XT_TYKJ_KJMC, XT_TYKJ_KJLX, XT_TYKJ_KJBM, XT_TYKJ_KJBT,XT_TYKJ_CXBT, XT_TYKJ_CXZD, XT_TYKJ_BHZD, XT_TYKJ_BHZDBT, XT_TYKJ_MCZD, XT_TYKJ_XSZDBT,XT_TYKJ_QTZDLB, XT_TYKJ_QTZDBTLB, XT_TYKJ_GMC, XT_TYKJ_JSZD, XT_TYKJ_MXZD, XT_TYKJ_SXHZD,XT_TYKJ_NMZD, XT_TYKJ_CXTJ, XT_TYKJ_SFXZMX, XT_TYKJ_LXZHL,XT_TYKJ_CATCH ) VALUES ( '1000023', 'jg', 'T', 'DM_JG', '机关列表', NULL, NULL, 'JBDM', NULL, 'JG_MC', NULL, 'JGDZ,JBDM', NULL, '所属机构', 'JCDM', NULL, NULL, 'JG_DM', NULL, 'N', NULL, NULL);
 INSERT INTO XT_TYKJ ( XT_TYKJ_KJBH, XT_TYKJ_KJMC, XT_TYKJ_KJLX, XT_TYKJ_KJBM, XT_TYKJ_KJBT,XT_TYKJ_CXBT, XT_TYKJ_CXZD, XT_TYKJ_BHZD, XT_TYKJ_BHZDBT, XT_TYKJ_MCZD, XT_TYKJ_XSZDBT,XT_TYKJ_QTZDLB, XT_TYKJ_QTZDBTLB, XT_TYKJ_GMC, XT_TYKJ_JSZD, XT_TYKJ_MXZD, XT_TYKJ_SXHZD,XT_TYKJ_NMZD, XT_TYKJ_CXTJ, XT_TYKJ_SFXZMX, XT_TYKJ_LXZHL,XT_TYKJ_CATCH ) VALUES ( '1000056', 'XZQH', 'T', 'DM_XZQH', '行政区划', NULL, NULL, 'JBDM', NULL, 'XZQH_MC', NULL, NULL, NULL, '中国', 'JCDM', NULL, NULL, 'XZQH_DM', NULL, 'N', NULL, NULL);
 INSERT INTO XT_TYKJ ( XT_TYKJ_KJBH, XT_TYKJ_KJMC, XT_TYKJ_KJLX, XT_TYKJ_KJBM, XT_TYKJ_KJBT,XT_TYKJ_CXBT, XT_TYKJ_CXZD, XT_TYKJ_BHZD, XT_TYKJ_BHZDBT, XT_TYKJ_MCZD, XT_TYKJ_XSZDBT,XT_TYKJ_QTZDLB, XT_TYKJ_QTZDBTLB, XT_TYKJ_GMC, XT_TYKJ_JSZD, XT_TYKJ_MXZD, XT_TYKJ_SXHZD,XT_TYKJ_NMZD, XT_TYKJ_CXTJ, XT_TYKJ_SFXZMX, XT_TYKJ_LXZHL,XT_TYKJ_CATCH ) VALUES ( '1000063', 'xybz', 'L', 'dict_cl', '选用标志', NULL, NULL, NULL, NULL, 'name', NULL, NULL, NULL, NULL, NULL, NULL, NULL, 'code', 'lb=''xybz''', NULL, NULL, 'N');
 INSERT INTO XT_TYKJ ( XT_TYKJ_KJBH, XT_TYKJ_KJMC, XT_TYKJ_KJLX, XT_TYKJ_KJBM, XT_TYKJ_KJBT,XT_TYKJ_CXBT, XT_TYKJ_CXZD, XT_TYKJ_BHZD, XT_TYKJ_BHZDBT, XT_TYKJ_MCZD, XT_TYKJ_XSZDBT,XT_TYKJ_QTZDLB, XT_TYKJ_QTZDBTLB, XT_TYKJ_GMC, XT_TYKJ_JSZD, XT_TYKJ_MXZD, XT_TYKJ_SXHZD,XT_TYKJ_NMZD, XT_TYKJ_CXTJ, XT_TYKJ_SFXZMX, XT_TYKJ_LXZHL,XT_TYKJ_CATCH ) VALUES ( '1000060', 'jgjc', 'L', 'V_DM_DWLSGX', '机构级次', NULL, NULL, NULL, NULL, 'DWLSGX_MC', NULL, NULL, NULL, NULL, NULL, NULL, NULL, 'DWLSGX_DM', NULL, NULL, NULL, 'N');
 INSERT INTO XT_TYKJ ( XT_TYKJ_KJBH, XT_TYKJ_KJMC, XT_TYKJ_KJLX, XT_TYKJ_KJBM, XT_TYKJ_KJBT,XT_TYKJ_CXBT, XT_TYKJ_CXZD, XT_TYKJ_BHZD, XT_TYKJ_BHZDBT, XT_TYKJ_MCZD, XT_TYKJ_XSZDBT,XT_TYKJ_QTZDLB, XT_TYKJ_QTZDBTLB, XT_TYKJ_GMC, XT_TYKJ_JSZD, XT_TYKJ_MXZD, XT_TYKJ_SXHZD,XT_TYKJ_NMZD, XT_TYKJ_CXTJ, XT_TYKJ_SFXZMX, XT_TYKJ_LXZHL,XT_TYKJ_CATCH ) VALUES ( '1000059', 'jgbz', 'L', 'dict_cl', '机构标志', NULL, NULL, NULL, NULL, 'name', NULL, NULL, NULL, NULL, NULL, NULL, NULL, 'code', 'LB=''jgbz''', NULL, NULL, 'Y');
 INSERT INTO XT_TYKJ ( XT_TYKJ_KJBH, XT_TYKJ_KJMC, XT_TYKJ_KJLX, XT_TYKJ_KJBM, XT_TYKJ_KJBT,XT_TYKJ_CXBT, XT_TYKJ_CXZD, XT_TYKJ_BHZD, XT_TYKJ_BHZDBT, XT_TYKJ_MCZD, XT_TYKJ_XSZDBT,XT_TYKJ_QTZDLB, XT_TYKJ_QTZDBTLB, XT_TYKJ_GMC, XT_TYKJ_JSZD, XT_TYKJ_MXZD, XT_TYKJ_SXHZD,XT_TYKJ_NMZD, XT_TYKJ_CXTJ, XT_TYKJ_SFXZMX, XT_TYKJ_LXZHL,XT_TYKJ_CATCH ) VALUES ( '1000064', 'jssx', 'L', 'dict_cl', '角色属性', NULL, NULL, NULL, NULL, 'name', NULL, NULL, NULL, NULL, NULL, NULL, NULL, 'code', 'LB=''jssx''', NULL, NULL, 'Y');
 commit;
 INSERT INTO XT_XTCS ( CSXH, JG_DM, CSMC, CSNR, SYSM, XYBZ, JZSZBZ ) VALUES ( '10000', 'PUBLIC', '系统名称', 'SmartBranch 组合容器服务平台', '设置系统名称', 'Y', 'Y');
 INSERT INTO XT_XTCS ( CSXH, JG_DM, CSMC, CSNR, SYSM, XYBZ, JZSZBZ ) VALUES ( '10001', 'PUBLIC', '序号生成器', '9', '9', 'Y', 'Y');

INSERT INTO QX_GNMK ( GNMK_DM, GNMK_HZMC, GNMK_LJMC, MKLX_DM, YWHJ_DM, CYBJ, GZL_BZ, CFDK, DKWZ,SHOWLEFT, SHOWTOP, SHOWINTREE, SYSTEMNAME, YXBZ ) VALUES ( 'esbconsole.configMng.logMng.nodeLogConfig', '节点日志配置', '../esb/esbconsole/monitor/log/logConfig/first.iface', '05', '090000', 'N', NULL, 'N', '0', 'Y', 'Y', 'Y', '系统管理', 'Y');
INSERT INTO QX_GNMK_TREE ( JD_DM, FJD_DM, JD_MC, GNMK_DM, JDLX_DM,JD_ORDER ) VALUES ( 'esbconsole002008001', 'esbconsole002008', '节点日志配置', 'esbconsole.configMng.logMng.nodeLogConfig', '02', 1);
insert into qx_gnmb_gnmk (GNMB_DM, GNMK_DM, JD_DM, FJD_DM, JD_MC, JD_ORDER) values ('00000000001', 'esbconsole.configMng.logMng.nodeLogConfig', 'esbconsole002008001', 'esbconsole002008', '节点日志配置', 1);
commit;
 